track_id,frame_id,timestamp_ms,agent_type,x,y,vx,vy
P2,671,67100,pedestrian/bicycle,1016.97,988.595,-3.473,-2.247
P2,672,67200,pedestrian/bicycle,1016.623,988.373,-3.463,-2.195
P2,673,67300,pedestrian/bicycle,1016.277,988.156,-3.453,-2.141
P2,674,67400,pedestrian/bicycle,1015.933,987.945,-3.441,-2.089
P2,675,67500,pedestrian/bicycle,1015.589,987.738,-3.436,-2.054
P2,676,67600,pedestrian/bicycle,1015.245,987.533,-3.45,-2.044
P2,677,67700,pedestrian/bicycle,1014.898,987.328,-3.479,-2.056
P2,678,67800,pedestrian/bicycle,1014.548,987.12,-3.527,-2.091
P2,679,67900,pedestrian/bicycle,1014.192,986.908,-3.6,-2.148
P2,680,68000,pedestrian/bicycle,1013.828,986.691,-3.677,-2.21
P2,681,68100,pedestrian/bicycle,1013.457,986.467,-3.74,-2.268
P2,682,68200,pedestrian/bicycle,1013.081,986.237,-3.785,-2.321
P2,683,68300,pedestrian/bicycle,1012.701,986.003,-3.813,-2.358
P2,684,68400,pedestrian/bicycle,1012.318,985.767,-3.842,-2.359
P2,685,68500,pedestrian/bicycle,1011.932,985.534,-3.884,-2.312
P2,686,68600,pedestrian/bicycle,1011.541,985.306,-3.929,-2.241
P2,687,68700,pedestrian/bicycle,1011.146,985.085,-3.962,-2.182
P2,688,68800,pedestrian/bicycle,1010.749,984.869,-3.988,-2.143
P2,689,68900,pedestrian/bicycle,1010.348,984.656,-4.022,-2.109
P2,690,69000,pedestrian/bicycle,1009.944,984.448,-4.075,-2.061
P2,691,69100,pedestrian/bicycle,1009.532,984.246,-4.158,-1.984
P2,692,69200,pedestrian/bicycle,1009.111,984.052,-4.26,-1.89
P2,693,69300,pedestrian/bicycle,1008.681,983.867,-4.349,-1.813
P2,694,69400,pedestrian/bicycle,1008.243,983.687,-4.4,-1.778
P2,695,69500,pedestrian/bicycle,1007.803,983.509,-4.405,-1.79
P2,696,69600,pedestrian/bicycle,1007.364,983.328,-4.371,-1.833
P2,697,69700,pedestrian/bicycle,1006.93,983.142,-4.313,-1.88
P2,698,69800,pedestrian/bicycle,1006.502,982.952,-4.241,-1.914
P2,699,69900,pedestrian/bicycle,1006.082,982.76,-4.163,-1.927
P2,700,70000,pedestrian/bicycle,1005.669,982.568,-4.09,-1.916
P2,701,70100,pedestrian/bicycle,1005.263,982.378,-4.032,-1.884
P2,702,70200,pedestrian/bicycle,1004.862,982.193,-3.995,-1.828
P2,703,70300,pedestrian/bicycle,1004.463,982.014,-3.984,-1.75
P2,704,70400,pedestrian/bicycle,1004.064,981.843,-3.993,-1.657
P2,705,70500,pedestrian/bicycle,1003.665,981.682,-3.995,-1.572
P2,706,70600,pedestrian/bicycle,1003.266,981.528,-3.973,-1.498
P2,707,70700,pedestrian/bicycle,1002.87,981.383,-3.957,-1.411
P2,708,70800,pedestrian/bicycle,1002.473,981.247,-3.984,-1.296
P2,709,70900,pedestrian/bicycle,1002.07,981.125,-4.068,-1.151
P2,710,71000,pedestrian/bicycle,1001.657,981.019,-4.198,-0.969
P2,711,71100,pedestrian/bicycle,1001.229,980.933,-4.353,-0.761
P2,712,71200,pedestrian/bicycle,1000.786,980.866,-4.515,-0.568
P2,713,71300,pedestrian/bicycle,1000.327,980.816,-4.675,-0.426
P2,714,71400,pedestrian/bicycle,999.852,980.777,-4.807,-0.362
P2,715,71500,pedestrian/bicycle,999.367,980.74,-4.907,-0.371
P2,716,71600,pedestrian/bicycle,998.872,980.701,-4.998,-0.421
P2,717,71700,pedestrian/bicycle,998.368,980.656,-5.073,-0.473
P2,718,71800,pedestrian/bicycle,997.86,980.608,-5.085,-0.49
P2,719,71900,pedestrian/bicycle,997.355,980.561,-5.019,-0.446
P2,720,72000,pedestrian/bicycle,996.858,980.522,-4.921,-0.338
P2,721,72100,pedestrian/bicycle,996.37,980.497,-4.833,-0.162
P2,722,72200,pedestrian/bicycle,995.889,980.493,-4.791,0.092
P2,723,72300,pedestrian/bicycle,995.409,980.519,-4.811,0.417
P2,724,72400,pedestrian/bicycle,994.924,980.579,-4.884,0.788
P2,725,72500,pedestrian/bicycle,994.431,980.678,-4.989,1.18
P2,726,72600,pedestrian/bicycle,993.926,980.815,-5.099,1.561
P2,727,72700,pedestrian/bicycle,993.412,980.988,-5.188,1.9
P2,728,72800,pedestrian/bicycle,992.891,981.191,-5.229,2.159
P2,729,72900,pedestrian/bicycle,992.37,981.413,-5.185,2.29
P2,730,73000,pedestrian/bicycle,991.859,981.642,-5.034,2.289
P2,731,73100,pedestrian/bicycle,991.368,981.867,-4.801,2.203
P2,732,73200,pedestrian/bicycle,990.901,982.081,-4.524,2.074
P2,733,73300,pedestrian/bicycle,990.463,982.281,-4.243,1.933
P2,734,73400,pedestrian/bicycle,990.051,982.468,-3.995,1.809
P2,735,73500,pedestrian/bicycle,989.661,982.644,-3.812,1.72
P2,736,73600,pedestrian/bicycle,989.285,982.814,-3.713,1.672
P2,737,73700,pedestrian/bicycle,988.915,982.981,-3.684,1.659
P4,1734,173400,pedestrian/bicycle,1007.637,970.995,-0.306,1.951
P4,1735,173500,pedestrian/bicycle,1007.597,971.253,-0.504,3.199
P4,1736,173600,pedestrian/bicycle,1007.537,971.634,-0.703,4.43
P4,1737,173700,pedestrian/bicycle,1007.456,972.136,-0.902,5.605
P4,1738,173800,pedestrian/bicycle,1007.356,972.749,-1.093,6.649
P4,1739,173900,pedestrian/bicycle,1007.239,973.456,-1.255,7.503
P4,1740,174000,pedestrian/bicycle,1007.109,974.238,-1.353,8.137
P4,1741,174100,pedestrian/bicycle,1006.973,975.072,-1.362,8.534
P4,1742,174200,pedestrian/bicycle,1006.841,975.935,-1.28,8.715
P4,1743,174300,pedestrian/bicycle,1006.721,976.806,-1.12,8.723
P4,1744,174400,pedestrian/bicycle,1006.62,977.673,-0.904,8.614
P4,1745,174500,pedestrian/bicycle,1006.542,978.526,-0.655,8.441
P4,1746,174600,pedestrian/bicycle,1006.489,979.361,-0.4,8.248
P4,1747,174700,pedestrian/bicycle,1006.461,980.176,-0.159,8.068
P4,1748,174800,pedestrian/bicycle,1006.456,980.975,0.066,7.912
P4,1749,174900,pedestrian/bicycle,1006.474,981.76,0.28,7.774
P4,1750,175000,pedestrian/bicycle,1006.512,982.531,0.487,7.646
P4,1751,175100,pedestrian/bicycle,1006.571,983.289,0.692,7.517
P4,1752,175200,pedestrian/bicycle,1006.65,984.034,0.89,7.393
P4,1753,175300,pedestrian/bicycle,1006.748,984.768,1.07,7.281
P4,1754,175400,pedestrian/bicycle,1006.863,985.491,1.223,7.176
P4,1755,175500,pedestrian/bicycle,1006.992,986.203,1.358,7.06
P4,1756,175600,pedestrian/bicycle,1007.133,986.902,1.477,6.924
P4,1757,175700,pedestrian/bicycle,1007.286,987.587,1.569,6.778
P4,1758,175800,pedestrian/bicycle,1007.446,988.257,1.633,6.626
P4,1759,175900,pedestrian/bicycle,1007.611,988.912,1.677,6.465
P4,1760,176000,pedestrian/bicycle,1007.78,989.55,1.707,6.294
P4,1761,176100,pedestrian/bicycle,1007.952,990.17,1.731,6.121
P4,1762,176200,pedestrian/bicycle,1008.127,990.774,1.759,5.957
P4,1763,176300,pedestrian/bicycle,1008.304,991.363,1.79,5.811
P4,1764,176400,pedestrian/bicycle,1008.485,991.938,1.819,5.688
P4,1765,176500,pedestrian/bicycle,1008.667,992.501,1.837,5.584
P4,1766,176600,pedestrian/bicycle,1008.852,993.056,1.844,5.502
P4,1767,176700,pedestrian/bicycle,1009.035,993.603,1.835,5.441
P4,1768,176800,pedestrian/bicycle,1009.217,994.145,1.805,5.402
P4,1769,176900,pedestrian/bicycle,1009.395,994.684,1.748,5.387
P4,1770,177000,pedestrian/bicycle,1009.565,995.223,1.66,5.391
P4,1771,177100,pedestrian/bicycle,1009.725,995.764,1.54,5.416
P4,1772,177200,pedestrian/bicycle,1009.872,996.308,1.389,5.465
P4,1773,177300,pedestrian/bicycle,1010.002,996.858,1.212,5.535
P4,1774,177400,pedestrian/bicycle,1010.113,997.415,1.019,5.613
P4,1775,177500,pedestrian/bicycle,1010.205,997.98,0.811,5.695
P4,1776,177600,pedestrian/bicycle,1010.275,998.555,0.582,5.793
P4,1777,177700,pedestrian/bicycle,1010.32,999.141,0.32,5.927
P4,1778,177800,pedestrian/bicycle,1010.337,999.743,0.02,6.119
P4,1779,177900,pedestrian/bicycle,1010.322,1000.367,-0.313,6.366
P4,1780,178000,pedestrian/bicycle,1010.273,1001.017,-0.661,6.627
P4,1781,178100,pedestrian/bicycle,1010.191,1001.691,-0.993,6.851
P4,1782,178200,pedestrian/bicycle,1010.077,1002.382,-1.277,6.976
P4,1783,178300,pedestrian/bicycle,1009.938,1003.081,-1.507,6.987
P4,1784,178400,pedestrian/bicycle,1009.778,1003.775,-1.698,6.906
P4,1785,178500,pedestrian/bicycle,1009.599,1004.458,-1.867,6.753
P4,1786,178600,pedestrian/bicycle,1009.405,1005.123,-2.025,6.546
P4,1787,178700,pedestrian/bicycle,1009.195,1005.765,-2.182,6.296
P4,1788,178800,pedestrian/bicycle,1008.968,1006.381,-2.345,6.011
P4,1789,178900,pedestrian/bicycle,1008.725,1006.966,-2.516,5.691
P4,1790,179000,pedestrian/bicycle,1008.464,1007.518,-2.702,5.359
P4,1791,179100,pedestrian/bicycle,1008.184,1008.038,-2.912,5.04
P4,1792,179200,pedestrian/bicycle,1007.88,1008.528,-3.154,4.757
P4,1793,179300,pedestrian/bicycle,1007.551,1008.991,-3.421,4.511
P4,1794,179400,pedestrian/bicycle,1007.196,1009.43,-3.682,4.266
P4,1795,179500,pedestrian/bicycle,1006.817,1009.843,-3.913,4.003
P4,1796,179600,pedestrian/bicycle,1006.416,1010.23,-4.106,3.736
P4,1797,179700,pedestrian/bicycle,1005.998,1010.59,-4.249,3.46
P4,1798,179800,pedestrian/bicycle,1005.569,1010.922,-4.337,3.176
P4,1799,179900,pedestrian/bicycle,1005.133,1011.226,-4.379,2.895
P4,1800,180000,pedestrian/bicycle,1004.694,1011.502,-4.391,2.632
P4,1801,180100,pedestrian/bicycle,1004.255,1011.753,-4.394,2.396
P4,1802,180200,pedestrian/bicycle,1003.814,1011.983,-4.418,2.191
P4,1803,180300,pedestrian/bicycle,1003.369,1012.193,-4.496,2.024
P4,1804,180400,pedestrian/bicycle,1002.912,1012.389,-4.644,1.893
P4,1805,180500,pedestrian/bicycle,1002.438,1012.573,-4.842,1.781
P4,1806,180600,pedestrian/bicycle,1001.944,1012.745,-5.033,1.657
P4,1807,180700,pedestrian/bicycle,1001.432,1012.903,-5.202,1.511
P4,1808,180800,pedestrian/bicycle,1000.903,1013.047,-5.369,1.361
P4,1809,180900,pedestrian/bicycle,1000.359,1013.175,-5.514,1.212
P4,1810,181000,pedestrian/bicycle,999.802,1013.289,-5.637,1.071
P4,1811,181100,pedestrian/bicycle,999.232,1013.39,-5.754,0.945
P4,1812,181200,pedestrian/bicycle,998.652,1013.479,-5.84,0.834
P4,1813,181300,pedestrian/bicycle,998.066,1013.558,-5.894,0.739
P4,1814,181400,pedestrian/bicycle,997.474,1013.628,-5.945,0.664
P4,1815,181500,pedestrian/bicycle,996.878,1013.692,-5.973,0.608
P4,1816,181600,pedestrian/bicycle,996.28,1013.751,-5.984,0.571
P4,1817,181700,pedestrian/bicycle,995.681,1013.807,-6.008,0.554
P4,1818,181800,pedestrian/bicycle,995.079,1013.862,-6.028,0.553
P4,1819,181900,pedestrian/bicycle,994.475,1013.918,-6.048,0.566
P4,1820,182000,pedestrian/bicycle,993.868,1013.976,-6.093,0.593
P4,1821,182100,pedestrian/bicycle,993.256,1014.037,-6.141,0.626
P4,1822,182200,pedestrian/bicycle,992.64,1014.102,-6.188,0.668
P4,1823,182300,pedestrian/bicycle,992.018,1014.171,-6.249,0.722
P4,1824,182400,pedestrian/bicycle,991.391,1014.247,-6.293,0.792
P4,1825,182500,pedestrian/bicycle,990.76,1014.33,-6.317,0.877
P4,1826,182600,pedestrian/bicycle,990.127,1014.423,-6.353,0.98
P4,1827,182700,pedestrian/bicycle,989.49,1014.527,-6.385,1.098
P4,1828,182800,pedestrian/bicycle,988.85,1014.643,-6.413,1.227
P4,1829,182900,pedestrian/bicycle,988.206,1014.773,-6.46,1.363
P4,1830,183000,pedestrian/bicycle,987.558,1014.915,-6.499,1.493
P4,1831,183100,pedestrian/bicycle,986.907,1015.071,-6.526,1.613
P4,1832,183200,pedestrian/bicycle,986.253,1015.238,-6.56,1.725
P4,1833,183300,pedestrian/bicycle,985.596,1015.415,-6.573,1.816
P4,1834,183400,pedestrian/bicycle,984.94,1015.6,-6.56,1.885
P4,1835,183500,pedestrian/bicycle,984.284,1015.791,-6.547,1.939
P4,1836,183600,pedestrian/bicycle,983.632,1015.986,-6.507,1.97
P4,1837,183700,pedestrian/bicycle,982.984,1016.184,-6.439,1.977
P4,1838,183800,pedestrian/bicycle,982.344,1016.381,-6.366,1.97
P4,1839,183900,pedestrian/bicycle,981.713,1016.577,-6.261,1.944
P4,1840,184000,pedestrian/bicycle,981.093,1016.769,-6.125,1.901
P4,1841,184100,pedestrian/bicycle,980.488,1016.957,-5.991,1.855
P4,1842,184200,pedestrian/bicycle,979.896,1017.14,-5.839,1.804
P4,1843,184300,pedestrian/bicycle,979.32,1017.318,-5.689,1.756
P4,1844,184400,pedestrian/bicycle,978.756,1017.492,-5.595,1.726
P4,1845,184500,pedestrian/bicycle,978.198,1017.664,-5.566,1.716
P5,1852,185200,pedestrian/bicycle,1009.303,981.777,-0.331,1.704
P5,1853,185300,pedestrian/bicycle,1009.271,981.946,-0.306,1.69
P5,1854,185400,pedestrian/bicycle,1009.242,982.114,-0.277,1.664
P5,1855,185500,pedestrian/bicycle,1009.216,982.278,-0.237,1.618
P5,1856,185600,pedestrian/bicycle,1009.195,982.437,-0.186,1.553
P5,1857,185700,pedestrian/bicycle,1009.18,982.588,-0.125,1.471
P5,1858,185800,pedestrian/bicycle,1009.17,982.731,-0.059,1.382
P5,1859,185900,pedestrian/bicycle,1009.168,982.864,0.01,1.292
P5,1860,186000,pedestrian/bicycle,1009.172,982.989,0.08,1.207
P5,1861,186100,pedestrian/bicycle,1009.184,983.106,0.152,1.127
P5,1862,186200,pedestrian/bicycle,1009.203,983.215,0.227,1.052
P5,1863,186300,pedestrian/bicycle,1009.23,983.317,0.306,0.986
P5,1864,186400,pedestrian/bicycle,1009.264,983.412,0.384,0.928
P5,1865,186500,pedestrian/bicycle,1009.306,983.503,0.459,0.882
P5,1866,186600,pedestrian/bicycle,1009.356,983.59,0.53,0.853
P5,1867,186700,pedestrian/bicycle,1009.412,983.675,0.595,0.848
P5,1868,186800,pedestrian/bicycle,1009.474,983.761,0.656,0.871
P5,1869,186900,pedestrian/bicycle,1009.543,983.85,0.714,0.921
P5,1870,187000,pedestrian/bicycle,1009.617,983.946,0.768,0.994
P5,1871,187100,pedestrian/bicycle,1009.696,984.05,0.818,1.079
P5,1872,187200,pedestrian/bicycle,1009.78,984.162,0.86,1.161
P5,1873,187300,pedestrian/bicycle,1009.868,984.281,0.897,1.233
P5,1874,187400,pedestrian/bicycle,1009.96,984.407,0.931,1.29
P5,1875,187500,pedestrian/bicycle,1010.054,984.538,0.964,1.331
P5,1876,187600,pedestrian/bicycle,1010.152,984.673,0.995,1.364
P5,1877,187700,pedestrian/bicycle,1010.253,984.811,1.021,1.392
P5,1878,187800,pedestrian/bicycle,1010.356,984.951,1.041,1.418
P5,1879,187900,pedestrian/bicycle,1010.461,985.095,1.058,1.448
P5,1880,188000,pedestrian/bicycle,1010.568,985.242,1.074,1.489
P5,1881,188100,pedestrian/bicycle,1010.676,985.393,1.098,1.543
P5,1882,188200,pedestrian/bicycle,1010.788,985.551,1.137,1.607
P5,1883,188300,pedestrian/bicycle,1010.905,985.715,1.196,1.674
P5,1884,188400,pedestrian/bicycle,1011.028,985.885,1.28,1.731
P5,1885,188500,pedestrian/bicycle,1011.162,986.06,1.39,1.768
P5,1886,188600,pedestrian/bicycle,1011.308,986.237,1.523,1.776
P5,1887,188700,pedestrian/bicycle,1011.467,986.413,1.673,1.746
P5,1888,188800,pedestrian/bicycle,1011.643,986.585,1.83,1.683
P5,1889,188900,pedestrian/bicycle,1011.833,986.749,1.983,1.598
P5,1890,189000,pedestrian/bicycle,1012.038,986.904,2.12,1.499
P5,1891,189100,pedestrian/bicycle,1012.256,987.049,2.231,1.401
P5,1892,189200,pedestrian/bicycle,1012.482,987.185,2.3,1.323
P5,1893,189300,pedestrian/bicycle,1012.713,987.315,2.316,1.287
P5,1894,189400,pedestrian/bicycle,1012.943,987.446,2.283,1.322
P5,1895,189500,pedestrian/bicycle,1013.168,987.584,2.205,1.431
P5,1896,189600,pedestrian/bicycle,1013.383,987.734,2.094,1.585
P5,1897,189700,pedestrian/bicycle,1013.586,987.901,1.971,1.749
P5,1898,189800,pedestrian/bicycle,1013.777,988.083,1.862,1.893
P5,1899,189900,pedestrian/bicycle,1013.96,988.277,1.787,1.992
P5,1900,190000,pedestrian/bicycle,1014.137,988.479,1.746,2.05
P5,1901,190100,pedestrian/bicycle,1014.31,988.686,1.728,2.087
P5,1902,190200,pedestrian/bicycle,1014.483,988.896,1.723,2.114
P5,1903,190300,pedestrian/bicycle,1014.655,989.109,1.728,2.142
P5,1904,190400,pedestrian/bicycle,1014.829,989.325,1.738,2.177
P5,1905,190500,pedestrian/bicycle,1015.003,989.545,1.756,2.22
P5,1906,190600,pedestrian/bicycle,1015.18,989.77,1.78,2.278
P5,1907,190700,pedestrian/bicycle,1015.36,990.001,1.806,2.35
P5,1908,190800,pedestrian/bicycle,1015.541,990.241,1.829,2.438
P5,1909,190900,pedestrian/bicycle,1015.725,990.49,1.847,2.547
P5,1910,191000,pedestrian/bicycle,1015.91,990.752,1.855,2.689
P5,1911,191100,pedestrian/bicycle,1016.096,991.029,1.85,2.86
P5,1912,191200,pedestrian/bicycle,1016.28,991.324,1.836,3.042
P5,1913,191300,pedestrian/bicycle,1016.462,991.637,1.815,3.22
P5,1914,191400,pedestrian/bicycle,1016.643,991.966,1.787,3.362
P5,1915,191500,pedestrian/bicycle,1016.819,992.307,1.747,3.456
P5,1916,191600,pedestrian/bicycle,1016.991,992.656,1.697,3.513
P5,1917,191700,pedestrian/bicycle,1017.158,993.008,1.641,3.539
P5,1918,191800,pedestrian/bicycle,1017.32,993.362,1.583,3.535
P5,1919,191900,pedestrian/bicycle,1017.475,993.714,1.524,3.508
P5,1920,192000,pedestrian/bicycle,1017.624,994.063,1.462,3.476
P5,1921,192100,pedestrian/bicycle,1017.768,994.41,1.407,3.456
P5,1922,192200,pedestrian/bicycle,1017.906,994.756,1.363,3.453
P5,1923,192300,pedestrian/bicycle,1018.041,995.101,1.337,3.462
P5,1924,192400,pedestrian/bicycle,1018.175,995.448,1.331,3.477
P5,1925,192500,pedestrian/bicycle,1018.308,995.796,1.338,3.484
P5,1926,192600,pedestrian/bicycle,1018.442,996.143,1.338,3.454
P5,1927,192700,pedestrian/bicycle,1018.575,996.485,1.32,3.389
P5,1928,192800,pedestrian/bicycle,1018.705,996.821,1.291,3.333
P5,1929,192900,pedestrian/bicycle,1018.833,997.154,1.256,3.317
P5,1930,193000,pedestrian/bicycle,1018.957,997.487,1.222,3.352
P5,1931,193100,pedestrian/bicycle,1019.077,997.827,1.197,3.435
P5,1932,193200,pedestrian/bicycle,1019.196,998.176,1.181,3.553
P5,1933,193300,pedestrian/bicycle,1019.314,998.538,1.168,3.685
P5,1934,193400,pedestrian/bicycle,1019.429,998.911,1.145,3.78
P5,1935,193500,pedestrian/bicycle,1019.542,999.292,1.1,3.828
P5,1936,193600,pedestrian/bicycle,1019.648,999.676,1.029,3.859
P5,1937,193700,pedestrian/bicycle,1019.746,1000.063,0.924,3.882
P5,1938,193800,pedestrian/bicycle,1019.831,1000.452,0.784,3.902
P5,1939,193900,pedestrian/bicycle,1019.901,1000.843,0.614,3.923
P5,1940,194000,pedestrian/bicycle,1019.953,1001.237,0.424,3.947
P5,1941,194100,pedestrian/bicycle,1019.985,1001.633,0.222,3.982
P5,1942,194200,pedestrian/bicycle,1019.997,1002.034,0.016,4.034
P5,1943,194300,pedestrian/bicycle,1019.989,1002.442,-0.186,4.114
P5,1944,194400,pedestrian/bicycle,1019.961,1002.859,-0.375,4.227
P5,1945,194500,pedestrian/bicycle,1019.915,1003.287,-0.541,4.343
P5,1946,194600,pedestrian/bicycle,1019.854,1003.724,-0.669,4.4
P5,1947,194700,pedestrian/bicycle,1019.783,1004.162,-0.753,4.35
P5,1948,194800,pedestrian/bicycle,1019.706,1004.59,-0.795,4.209
P5,1949,194900,pedestrian/bicycle,1019.626,1005.001,-0.807,4.024
P5,1950,195000,pedestrian/bicycle,1019.545,1005.394,-0.801,3.839
P5,1951,195100,pedestrian/bicycle,1019.466,1005.771,-0.788,3.692
P5,1952,195200,pedestrian/bicycle,1019.388,1006.136,-0.779,3.609
P5,1953,195300,pedestrian/bicycle,1019.31,1006.496,-0.776,3.585
P7,2457,245700,pedestrian/bicycle,1010.381,982.535,1.408,3.878
P7,2458,245800,pedestrian/bicycle,1010.527,982.92,1.506,3.824
P7,2459,245900,pedestrian/bicycle,1010.683,983.299,1.608,3.771
P7,2460,246000,pedestrian/bicycle,1010.849,983.674,1.713,3.729
P7,2461,246100,pedestrian/bicycle,1011.025,984.046,1.814,3.703
P7,2462,246200,pedestrian/bicycle,1011.211,984.416,1.91,3.689
P7,2463,246300,pedestrian/bicycle,1011.407,984.784,1.997,3.686
P7,2464,246400,pedestrian/bicycle,1011.61,985.153,2.073,3.689
P7,2465,246500,pedestrian/bicycle,1011.82,985.522,2.134,3.691
P7,2466,246600,pedestrian/bicycle,1012.036,985.891,2.181,3.689
P7,2467,246700,pedestrian/bicycle,1012.256,986.26,2.216,3.683
P7,2468,246800,pedestrian/bicycle,1012.479,986.628,2.239,3.676
P7,2469,246900,pedestrian/bicycle,1012.703,986.995,2.252,3.674
P7,2470,247000,pedestrian/bicycle,1012.929,987.362,2.26,3.67
P7,2471,247100,pedestrian/bicycle,1013.155,987.729,2.271,3.658
P7,2472,247200,pedestrian/bicycle,1013.384,988.093,2.291,3.639
P7,2473,247300,pedestrian/bicycle,1013.614,988.457,2.317,3.622
P7,2474,247400,pedestrian/bicycle,1013.847,988.818,2.347,3.614
P7,2475,247500,pedestrian/bicycle,1014.083,989.18,2.379,3.607
P7,2476,247600,pedestrian/bicycle,1014.323,989.539,2.42,3.585
P7,2477,247700,pedestrian/bicycle,1014.568,989.896,2.473,3.548
P7,2478,247800,pedestrian/bicycle,1014.818,990.249,2.53,3.508
P7,2479,247900,pedestrian/bicycle,1015.074,990.598,2.581,3.483
P7,2480,248000,pedestrian/bicycle,1015.334,990.947,2.619,3.487
P7,2481,248100,pedestrian/bicycle,1015.597,991.297,2.641,3.52
P7,2482,248200,pedestrian/bicycle,1015.861,991.652,2.644,3.572
P7,2483,248300,pedestrian/bicycle,1016.124,992.012,2.621,3.637
P7,2484,248400,pedestrian/bicycle,1016.384,992.379,2.563,3.713
P7,2485,248500,pedestrian/bicycle,1016.635,992.756,2.469,3.811
P7,2486,248600,pedestrian/bicycle,1016.876,993.143,2.347,3.935
P7,2487,248700,pedestrian/bicycle,1017.103,993.544,2.202,4.081
P7,2488,248800,pedestrian/bicycle,1017.316,993.96,2.041,4.242
P7,2489,248900,pedestrian/bicycle,1017.511,994.392,1.871,4.404
P7,2490,249000,pedestrian/bicycle,1017.69,994.841,1.704,4.567
P7,2491,249100,pedestrian/bicycle,1017.853,995.305,1.549,4.726
P7,2492,249200,pedestrian/bicycle,1018.001,995.785,1.408,4.867
P7,2493,249300,pedestrian/bicycle,1018.135,996.275,1.285,4.941
P7,2494,249400,pedestrian/bicycle,1018.259,996.769,1.184,4.93
P7,2495,249500,pedestrian/bicycle,1018.373,997.259,1.109,4.878
P7,2496,249600,pedestrian/bicycle,1018.482,997.744,1.059,4.813
P7,2497,249700,pedestrian/bicycle,1018.586,998.222,1.032,4.74
P7,2498,249800,pedestrian/bicycle,1018.689,998.69,1.015,4.62
P7,2499,249900,pedestrian/bicycle,1018.789,999.143,0.996,4.452
P7,2500,250000,pedestrian/bicycle,1018.887,999.58,0.964,4.281
P7,2501,250100,pedestrian/bicycle,1018.981,1000.002,0.916,4.154
P7,2502,250200,pedestrian/bicycle,1019.069,1000.414,0.84,4.102
P7,2503,250300,pedestrian/bicycle,1019.148,1000.826,0.736,4.127
P7,2504,250400,pedestrian/bicycle,1019.215,1001.242,0.614,4.199
P7,2505,250500,pedestrian/bicycle,1019.27,1001.665,0.488,4.261
P7,2506,250600,pedestrian/bicycle,1019.314,1002.091,0.385,4.259
P7,2507,250700,pedestrian/bicycle,1019.349,1002.515,0.323,4.21
P7,2508,250800,pedestrian/bicycle,1019.38,1002.933,0.294,4.167
P7,2509,250900,pedestrian/bicycle,1019.409,1003.349,0.287,4.153
P1,169,16900,pedestrian/bicycle,1018.046,988.774,-0.368,-0.057
P1,170,17000,pedestrian/bicycle,1017.998,988.767,-0.602,-0.095
P1,171,17100,pedestrian/bicycle,1017.926,988.755,-0.832,-0.135
P1,172,17200,pedestrian/bicycle,1017.832,988.74,-1.047,-0.177
P1,173,17300,pedestrian/bicycle,1017.718,988.72,-1.233,-0.223
P1,174,17400,pedestrian/bicycle,1017.587,988.695,-1.376,-0.269
P1,175,17500,pedestrian/bicycle,1017.445,988.666,-1.474,-0.311
P1,176,17600,pedestrian/bicycle,1017.294,988.633,-1.539,-0.341
P1,177,17700,pedestrian/bicycle,1017.138,988.598,-1.581,-0.357
P1,178,17800,pedestrian/bicycle,1016.979,988.562,-1.605,-0.364
P1,179,17900,pedestrian/bicycle,1016.818,988.526,-1.614,-0.37
P1,180,18000,pedestrian/bicycle,1016.657,988.488,-1.611,-0.377
P1,181,18100,pedestrian/bicycle,1016.496,988.45,-1.601,-0.39
P1,182,18200,pedestrian/bicycle,1016.337,988.41,-1.587,-0.408
P1,183,18300,pedestrian/bicycle,1016.179,988.368,-1.569,-0.425
P1,184,18400,pedestrian/bicycle,1016.023,988.325,-1.546,-0.445
P1,185,18500,pedestrian/bicycle,1015.87,988.279,-1.522,-0.472
P1,186,18600,pedestrian/bicycle,1015.718,988.23,-1.502,-0.505
P1,187,18700,pedestrian/bicycle,1015.569,988.178,-1.488,-0.545
P1,188,18800,pedestrian/bicycle,1015.421,988.121,-1.477,-0.592
P1,189,18900,pedestrian/bicycle,1015.273,988.059,-1.468,-0.644
P1,190,19000,pedestrian/bicycle,1015.128,987.992,-1.451,-0.696
P1,191,19100,pedestrian/bicycle,1014.984,987.92,-1.42,-0.744
P1,192,19200,pedestrian/bicycle,1014.844,987.844,-1.38,-0.783
P1,193,19300,pedestrian/bicycle,1014.708,987.764,-1.339,-0.81
P1,194,19400,pedestrian/bicycle,1014.576,987.683,-1.301,-0.824
P1,195,19500,pedestrian/bicycle,1014.447,987.6,-1.27,-0.825
P1,196,19600,pedestrian/bicycle,1014.322,987.518,-1.245,-0.815
P1,197,19700,pedestrian/bicycle,1014.198,987.437,-1.226,-0.799
P1,198,19800,pedestrian/bicycle,1014.076,987.359,-1.214,-0.778
P1,199,19900,pedestrian/bicycle,1013.955,987.282,-1.21,-0.754
P1,200,20000,pedestrian/bicycle,1013.834,987.208,-1.215,-0.731
P1,201,20100,pedestrian/bicycle,1013.712,987.135,-1.231,-0.713
P1,202,20200,pedestrian/bicycle,1013.587,987.065,-1.252,-0.702
P1,203,20300,pedestrian/bicycle,1013.461,986.995,-1.277,-0.691
P1,204,20400,pedestrian/bicycle,1013.332,986.926,-1.304,-0.682
P1,205,20500,pedestrian/bicycle,1013.2,986.858,-1.332,-0.681
P1,206,20600,pedestrian/bicycle,1013.066,986.79,-1.359,-0.692
P1,207,20700,pedestrian/bicycle,1012.929,986.719,-1.379,-0.719
P1,208,20800,pedestrian/bicycle,1012.79,986.645,-1.389,-0.757
P1,209,20900,pedestrian/bicycle,1012.651,986.567,-1.386,-0.799
P1,210,21000,pedestrian/bicycle,1012.514,986.485,-1.37,-0.84
P1,211,21100,pedestrian/bicycle,1012.378,986.399,-1.348,-0.88
P1,212,21200,pedestrian/bicycle,1012.244,986.31,-1.32,-0.916
P1,213,21300,pedestrian/bicycle,1012.114,986.217,-1.285,-0.944
P1,214,21400,pedestrian/bicycle,1011.988,986.121,-1.239,-0.966
P1,215,21500,pedestrian/bicycle,1011.867,986.024,-1.186,-0.984
P1,216,21600,pedestrian/bicycle,1011.751,985.924,-1.134,-1
P1,217,21700,pedestrian/bicycle,1011.639,985.824,-1.091,-1.013
P1,218,21800,pedestrian/bicycle,1011.532,985.722,-1.058,-1.021
P1,219,21900,pedestrian/bicycle,1011.427,985.62,-1.035,-1.029
P1,220,22000,pedestrian/bicycle,1011.324,985.516,-1.02,-1.042
P1,221,22100,pedestrian/bicycle,1011.223,985.411,-1.013,-1.061
P1,222,22200,pedestrian/bicycle,1011.122,985.304,-1.011,-1.081
P1,223,22300,pedestrian/bicycle,1011.02,985.195,-1.013,-1.097
P1,224,22400,pedestrian/bicycle,1010.919,985.085,-1.016,-1.107
P1,225,22500,pedestrian/bicycle,1010.817,984.974,-1.021,-1.112
P1,226,22600,pedestrian/bicycle,1010.715,984.863,-1.031,-1.111
P1,227,22700,pedestrian/bicycle,1010.611,984.752,-1.047,-1.1
P1,228,22800,pedestrian/bicycle,1010.505,984.643,-1.068,-1.077
P1,229,22900,pedestrian/bicycle,1010.397,984.537,-1.096,-1.043
P1,230,23000,pedestrian/bicycle,1010.285,984.435,-1.13,-1.001
P1,231,23100,pedestrian/bicycle,1010.17,984.337,-1.168,-0.957
P1,232,23200,pedestrian/bicycle,1010.052,984.244,-1.207,-0.91
P1,233,23300,pedestrian/bicycle,1009.929,984.156,-1.243,-0.854
P1,234,23400,pedestrian/bicycle,1009.803,984.073,-1.272,-0.791
P1,235,23500,pedestrian/bicycle,1009.675,983.998,-1.29,-0.725
P1,236,23600,pedestrian/bicycle,1009.546,983.928,-1.303,-0.659
P1,237,23700,pedestrian/bicycle,1009.415,983.866,-1.314,-0.597
P1,238,23800,pedestrian/bicycle,1009.283,983.809,-1.325,-0.539
P1,239,23900,pedestrian/bicycle,1009.15,983.758,-1.335,-0.486
P1,240,24000,pedestrian/bicycle,1009.016,983.711,-1.345,-0.439
P1,241,24100,pedestrian/bicycle,1008.881,983.669,-1.359,-0.404
P1,242,24200,pedestrian/bicycle,1008.744,983.63,-1.375,-0.384
P1,243,24300,pedestrian/bicycle,1008.606,983.592,-1.392,-0.374
P1,244,24400,pedestrian/bicycle,1008.466,983.555,-1.407,-0.37
P1,245,24500,pedestrian/bicycle,1008.324,983.518,-1.418,-0.372
P1,246,24600,pedestrian/bicycle,1008.182,983.48,-1.428,-0.378
P1,247,24700,pedestrian/bicycle,1008.039,983.442,-1.438,-0.388
P1,248,24800,pedestrian/bicycle,1007.895,983.402,-1.445,-0.402
P1,249,24900,pedestrian/bicycle,1007.75,983.361,-1.45,-0.418
P1,250,25000,pedestrian/bicycle,1007.605,983.319,-1.455,-0.438
P1,251,25100,pedestrian/bicycle,1007.459,983.274,-1.461,-0.461
P1,252,25200,pedestrian/bicycle,1007.313,983.226,-1.466,-0.485
P1,253,25300,pedestrian/bicycle,1007.166,983.177,-1.468,-0.508
P1,254,25400,pedestrian/bicycle,1007.019,983.125,-1.461,-0.527
P1,255,25500,pedestrian/bicycle,1006.874,983.072,-1.447,-0.54
P1,256,25600,pedestrian/bicycle,1006.73,983.018,-1.431,-0.542
P1,257,25700,pedestrian/bicycle,1006.588,982.964,-1.417,-0.531
P1,258,25800,pedestrian/bicycle,1006.447,982.912,-1.402,-0.504
P1,259,25900,pedestrian/bicycle,1006.308,982.863,-1.385,-0.468
P1,260,26000,pedestrian/bicycle,1006.17,982.819,-1.367,-0.429
P1,261,26100,pedestrian/bicycle,1006.034,982.778,-1.349,-0.391
P1,262,26200,pedestrian/bicycle,1005.9,982.74,-1.335,-0.358
P1,263,26300,pedestrian/bicycle,1005.767,982.706,-1.318,-0.327
P1,264,26400,pedestrian/bicycle,1005.637,982.675,-1.295,-0.3
P1,265,26500,pedestrian/bicycle,1005.509,982.646,-1.263,-0.279
P1,266,26600,pedestrian/bicycle,1005.384,982.619,-1.23,-0.265
P1,267,26700,pedestrian/bicycle,1005.263,982.592,-1.197,-0.26
P1,268,26800,pedestrian/bicycle,1005.145,982.566,-1.162,-0.263
P1,269,26900,pedestrian/bicycle,1005.03,982.54,-1.128,-0.267
P1,270,27000,pedestrian/bicycle,1004.919,982.513,-1.1,-0.269
P1,271,27100,pedestrian/bicycle,1004.81,982.486,-1.081,-0.272
P1,272,27200,pedestrian/bicycle,1004.702,982.458,-1.073,-0.278
P1,273,27300,pedestrian/bicycle,1004.594,982.43,-1.079,-0.29
P1,274,27400,pedestrian/bicycle,1004.486,982.4,-1.097,-0.304
P1,275,27500,pedestrian/bicycle,1004.375,982.369,-1.127,-0.317
P1,276,27600,pedestrian/bicycle,1004.26,982.337,-1.173,-0.333
P1,277,27700,pedestrian/bicycle,1004.139,982.302,-1.24,-0.352
P1,278,27800,pedestrian/bicycle,1004.011,982.266,-1.325,-0.38
P1,279,27900,pedestrian/bicycle,1003.873,982.226,-1.421,-0.422
P1,280,28000,pedestrian/bicycle,1003.726,982.181,-1.521,-0.479
P1,281,28100,pedestrian/bicycle,1003.57,982.129,-1.611,-0.543
P1,282,28200,pedestrian/bicycle,1003.405,982.072,-1.689,-0.605
P1,283,28300,pedestrian/bicycle,1003.232,982.009,-1.756,-0.648
P1,284,28400,pedestrian/bicycle,1003.055,981.944,-1.801,-0.666
P1,285,28500,pedestrian/bicycle,1002.873,981.878,-1.829,-0.655
P1,286,28600,pedestrian/bicycle,1002.689,981.814,-1.85,-0.608
P1,287,28700,pedestrian/bicycle,1002.503,981.758,-1.874,-0.523
P1,288,28800,pedestrian/bicycle,1002.314,981.711,-1.902,-0.411
P1,289,28900,pedestrian/bicycle,1002.123,981.676,-1.921,-0.296
P1,290,29000,pedestrian/bicycle,1001.931,981.651,-1.916,-0.203
P1,291,29100,pedestrian/bicycle,1001.741,981.634,-1.892,-0.134
P1,292,29200,pedestrian/bicycle,1001.553,981.623,-1.856,-0.089
P1,293,29300,pedestrian/bicycle,1001.37,981.615,-1.814,-0.07
P1,294,29400,pedestrian/bicycle,1001.191,981.608,-1.766,-0.07
P1,295,29500,pedestrian/bicycle,1001.017,981.601,-1.718,-0.081
P1,296,29600,pedestrian/bicycle,1000.847,981.592,-1.679,-0.099
P1,297,29700,pedestrian/bicycle,1000.68,981.581,-1.655,-0.116
P1,298,29800,pedestrian/bicycle,1000.515,981.568,-1.65,-0.132
P1,299,29900,pedestrian/bicycle,1000.349,981.555,-1.663,-0.14
P1,300,30000,pedestrian/bicycle,1000.182,981.541,-1.685,-0.133
P1,301,30100,pedestrian/bicycle,1000.012,981.529,-1.711,-0.11
P1,302,30200,pedestrian/bicycle,999.839,981.52,-1.741,-0.071
P1,303,30300,pedestrian/bicycle,999.664,981.516,-1.774,-0.013
P1,304,30400,pedestrian/bicycle,999.485,981.518,-1.802,0.054
P1,305,30500,pedestrian/bicycle,999.304,981.526,-1.822,0.116
P1,306,30600,pedestrian/bicycle,999.121,981.54,-1.835,0.166
P1,307,30700,pedestrian/bicycle,998.937,981.559,-1.835,0.198
P1,308,30800,pedestrian/bicycle,998.755,981.579,-1.822,0.203
P1,309,30900,pedestrian/bicycle,998.574,981.598,-1.799,0.184
P1,310,31000,pedestrian/bicycle,998.395,981.614,-1.768,0.148
P1,311,31100,pedestrian/bicycle,998.22,981.627,-1.731,0.098
P1,312,31200,pedestrian/bicycle,998.049,981.634,-1.69,0.037
P1,313,31300,pedestrian/bicycle,997.882,981.634,-1.652,-0.027
P1,314,31400,pedestrian/bicycle,997.719,981.628,-1.615,-0.09
P1,315,31500,pedestrian/bicycle,997.559,981.616,-1.574,-0.151
P1,316,31600,pedestrian/bicycle,997.404,981.598,-1.523,-0.208
P1,317,31700,pedestrian/bicycle,997.256,981.575,-1.454,-0.268
P1,318,31800,pedestrian/bicycle,997.115,981.544,-1.367,-0.336
P1,319,31900,pedestrian/bicycle,996.983,981.507,-1.271,-0.409
P1,320,32000,pedestrian/bicycle,996.861,981.462,-1.171,-0.483
P1,321,32100,pedestrian/bicycle,996.748,981.411,-1.076,-0.55
P1,322,32200,pedestrian/bicycle,996.645,981.353,-0.993,-0.601
P1,323,32300,pedestrian/bicycle,996.549,981.292,-0.93,-0.632
P1,324,32400,pedestrian/bicycle,996.457,981.229,-0.904,-0.626
P1,325,32500,pedestrian/bicycle,996.365,981.169,-0.928,-0.573
P1,326,32600,pedestrian/bicycle,996.268,981.116,-1.011,-0.474
P1,327,32700,pedestrian/bicycle,996.16,981.077,-1.149,-0.324
P1,328,32800,pedestrian/bicycle,996.036,981.055,-1.335,-0.115
P1,329,32900,pedestrian/bicycle,995.892,981.057,-1.556,0.16
P1,330,33000,pedestrian/bicycle,995.724,981.089,-1.796,0.49
P1,331,33100,pedestrian/bicycle,995.533,981.156,-2.031,0.838
P1,332,33200,pedestrian/bicycle,995.319,981.256,-2.234,1.157
P1,333,33300,pedestrian/bicycle,995.088,981.383,-2.385,1.398
P1,334,33400,pedestrian/bicycle,994.846,981.529,-2.46,1.512
P1,335,33500,pedestrian/bicycle,994.6,981.679,-2.459,1.496
P1,336,33600,pedestrian/bicycle,994.357,981.824,-2.405,1.394
P1,337,33700,pedestrian/bicycle,994.121,981.956,-2.317,1.251
P1,338,33800,pedestrian/bicycle,993.894,982.074,-2.219,1.101
P1,339,33900,pedestrian/bicycle,993.677,982.177,-2.133,0.961
P1,340,34000,pedestrian/bicycle,993.467,982.266,-2.058,0.826
P1,341,34100,pedestrian/bicycle,993.265,982.342,-1.981,0.692
P1,342,34200,pedestrian/bicycle,993.071,982.405,-1.9,0.564
P1,343,34300,pedestrian/bicycle,992.885,982.455,-1.815,0.452
P1,344,34400,pedestrian/bicycle,992.708,982.496,-1.732,0.359
P1,345,34500,pedestrian/bicycle,992.538,982.528,-1.664,0.284
P1,346,34600,pedestrian/bicycle,992.374,982.554,-1.616,0.226
P1,347,34700,pedestrian/bicycle,992.214,982.574,-1.584,0.188
P1,348,34800,pedestrian/bicycle,992.057,982.592,-1.557,0.171
P1,349,34900,pedestrian/bicycle,991.903,982.609,-1.526,0.17
P1,350,35000,pedestrian/bicycle,991.753,982.627,-1.48,0.176
P1,351,35100,pedestrian/bicycle,991.608,982.645,-1.421,0.181
P1,352,35200,pedestrian/bicycle,991.469,982.663,-1.36,0.185
P1,353,35300,pedestrian/bicycle,991.335,982.682,-1.308,0.188
P1,354,35400,pedestrian/bicycle,991.207,982.7,-1.264,0.191
P1,355,35500,pedestrian/bicycle,991.082,982.72,-1.233,0.199
P1,356,35600,pedestrian/bicycle,990.959,982.741,-1.215,0.213
P1,357,35700,pedestrian/bicycle,990.838,982.763,-1.2,0.232
P1,358,35800,pedestrian/bicycle,990.72,982.787,-1.176,0.253
P1,359,35900,pedestrian/bicycle,990.604,982.813,-1.14,0.271
P1,360,36000,pedestrian/bicycle,990.492,982.841,-1.097,0.286
P1,361,36100,pedestrian/bicycle,990.385,982.87,-1.052,0.293
P1,362,36200,pedestrian/bicycle,990.282,982.899,-1.009,0.292
P1,363,36300,pedestrian/bicycle,990.182,982.928,-0.973,0.288
P1,364,36400,pedestrian/bicycle,990.086,982.957,-0.953,0.285
P1,365,36500,pedestrian/bicycle,989.991,982.985,-0.947,0.284
P3,863,86300,pedestrian/bicycle,977.846,1005.03,1.06,1.492
P3,864,86400,pedestrian/bicycle,977.949,1005.18,0.998,1.507
P3,865,86500,pedestrian/bicycle,978.046,1005.332,0.935,1.532
P3,866,86600,pedestrian/bicycle,978.137,1005.488,0.878,1.578
P3,867,86700,pedestrian/bicycle,978.222,1005.649,0.829,1.646
P3,868,86800,pedestrian/bicycle,978.303,1005.818,0.785,1.732
P3,869,86900,pedestrian/bicycle,978.379,1005.996,0.745,1.828
P3,870,87000,pedestrian/bicycle,978.452,1006.183,0.712,1.924
P3,871,87100,pedestrian/bicycle,978.522,1006.38,0.686,2.017
P3,872,87200,pedestrian/bicycle,978.589,1006.587,0.662,2.111
P3,873,87300,pedestrian/bicycle,978.654,1006.802,0.642,2.198
P3,874,87400,pedestrian/bicycle,978.718,1007.026,0.631,2.276
P3,875,87500,pedestrian/bicycle,978.781,1007.257,0.626,2.35
P3,876,87600,pedestrian/bicycle,978.844,1007.495,0.633,2.413
P3,877,87700,pedestrian/bicycle,978.908,1007.74,0.653,2.475
P3,878,87800,pedestrian/bicycle,978.975,1007.991,0.685,2.548
P3,879,87900,pedestrian/bicycle,979.046,1008.249,0.723,2.623
P3,880,88000,pedestrian/bicycle,979.12,1008.515,0.762,2.687
P3,881,88100,pedestrian/bicycle,979.197,1008.786,0.789,2.737
P3,882,88200,pedestrian/bicycle,979.277,1009.061,0.809,2.766
P3,883,88300,pedestrian/bicycle,979.359,1009.338,0.833,2.771
P3,884,88400,pedestrian/bicycle,979.444,1009.615,0.858,2.764
P3,885,88500,pedestrian/bicycle,979.531,1009.891,0.886,2.753
P3,886,88600,pedestrian/bicycle,979.621,1010.166,0.913,2.754
P3,887,88700,pedestrian/bicycle,979.714,1010.442,0.942,2.777
P3,888,88800,pedestrian/bicycle,979.81,1010.722,0.974,2.812
P3,889,88900,pedestrian/bicycle,979.909,1011.005,1.01,2.842
P3,890,89000,pedestrian/bicycle,980.011,1011.29,1.042,2.868
P3,891,89100,pedestrian/bicycle,980.117,1011.578,1.066,2.888
P3,892,89200,pedestrian/bicycle,980.224,1011.867,1.084,2.902
P3,893,89300,pedestrian/bicycle,980.333,1012.158,1.094,2.913
P3,894,89400,pedestrian/bicycle,980.443,1012.45,1.101,2.921
P3,895,89500,pedestrian/bicycle,980.553,1012.742,1.108,2.925
P3,896,89600,pedestrian/bicycle,980.664,1013.035,1.112,2.938
P3,897,89700,pedestrian/bicycle,980.776,1013.331,1.117,2.967
P3,898,89800,pedestrian/bicycle,980.887,1013.63,1.115,3.013
P3,899,89900,pedestrian/bicycle,980.998,1013.934,1.094,3.075
P3,900,90000,pedestrian/bicycle,981.105,1014.245,1.055,3.152
P3,901,90100,pedestrian/bicycle,981.208,1014.565,1.004,3.243
P3,902,90200,pedestrian/bicycle,981.305,1014.895,0.938,3.346
P3,903,90300,pedestrian/bicycle,981.395,1015.235,0.854,3.457
P3,904,90400,pedestrian/bicycle,981.475,1015.586,0.751,3.566
P3,905,90500,pedestrian/bicycle,981.544,1015.947,0.633,3.663
P3,906,90600,pedestrian/bicycle,981.601,1016.317,0.506,3.741
P3,907,90700,pedestrian/bicycle,981.645,1016.695,0.376,3.803
P3,908,90800,pedestrian/bicycle,981.677,1017.077,0.248,3.844
P3,909,90900,pedestrian/bicycle,981.695,1017.462,0.127,3.857
P3,910,91000,pedestrian/bicycle,981.703,1017.847,0.015,3.836
P3,911,91100,pedestrian/bicycle,981.699,1018.227,-0.083,3.773
P3,912,91200,pedestrian/bicycle,981.687,1018.599,-0.163,3.668
P3,913,91300,pedestrian/bicycle,981.667,1018.959,-0.225,3.522
P3,914,91400,pedestrian/bicycle,981.643,1019.302,-0.27,3.349
P3,915,91500,pedestrian/bicycle,981.614,1019.628,-0.298,3.166
P3,916,91600,pedestrian/bicycle,981.584,1019.936,-0.308,2.985
P3,917,91700,pedestrian/bicycle,981.553,1020.226,-0.304,2.82
P3,918,91800,pedestrian/bicycle,981.523,1020.502,-0.299,2.696
P3,919,91900,pedestrian/bicycle,981.494,1020.768,-0.295,2.628
P3,920,92000,pedestrian/bicycle,981.464,1021.03,-0.294,2.609
P6,2022,202200,pedestrian/bicycle,1019.339,1005.975,-0.496,-1.099
P6,2023,202300,pedestrian/bicycle,1019.291,1005.861,-0.469,-1.182
P6,2024,202400,pedestrian/bicycle,1019.245,1005.738,-0.443,-1.273
P6,2025,202500,pedestrian/bicycle,1019.202,1005.606,-0.416,-1.37
P6,2026,202600,pedestrian/bicycle,1019.162,1005.464,-0.388,-1.47
P6,2027,202700,pedestrian/bicycle,1019.125,1005.312,-0.361,-1.571
P6,2028,202800,pedestrian/bicycle,1019.09,1005.15,-0.336,-1.66
P6,2029,202900,pedestrian/bicycle,1019.057,1004.981,-0.311,-1.734
P6,2030,203000,pedestrian/bicycle,1019.028,1004.804,-0.282,-1.796
P6,2031,203100,pedestrian/bicycle,1019.001,1004.623,-0.246,-1.837
P6,2032,203200,pedestrian/bicycle,1018.979,1004.438,-0.204,-1.857
P6,2033,203300,pedestrian/bicycle,1018.96,1004.252,-0.167,-1.866
P6,2034,203400,pedestrian/bicycle,1018.945,1004.066,-0.147,-1.858
P6,2035,203500,pedestrian/bicycle,1018.93,1003.881,-0.143,-1.836
P6,2036,203600,pedestrian/bicycle,1018.916,1003.699,-0.149,-1.808
P6,2037,203700,pedestrian/bicycle,1018.9,1003.52,-0.157,-1.767
P6,2038,203800,pedestrian/bicycle,1018.884,1003.346,-0.163,-1.715
P6,2039,203900,pedestrian/bicycle,1018.868,1003.177,-0.166,-1.664
P6,2040,204000,pedestrian/bicycle,1018.851,1003.013,-0.162,-1.613
P6,2041,204100,pedestrian/bicycle,1018.836,1002.854,-0.151,-1.569
P6,2042,204200,pedestrian/bicycle,1018.822,1002.698,-0.132,-1.553
P6,2043,204300,pedestrian/bicycle,1018.81,1002.542,-0.103,-1.571
P6,2044,204400,pedestrian/bicycle,1018.801,1002.382,-0.066,-1.626
P6,2045,204500,pedestrian/bicycle,1018.797,1002.215,-0.027,-1.713
P6,2046,204600,pedestrian/bicycle,1018.796,1002.038,0.009,-1.814
P6,2047,204700,pedestrian/bicycle,1018.798,1001.852,0.037,-1.912
P6,2048,204800,pedestrian/bicycle,1018.803,1001.657,0.055,-1.989
P6,2049,204900,pedestrian/bicycle,1018.808,1001.457,0.058,-2.013
P6,2050,205000,pedestrian/bicycle,1018.814,1001.257,0.049,-1.985
P6,2051,205100,pedestrian/bicycle,1018.818,1001.061,0.037,-1.936
P6,2052,205200,pedestrian/bicycle,1018.821,1000.87,0.029,-1.885
P6,2053,205300,pedestrian/bicycle,1018.824,1000.684,0.032,-1.842
P6,2054,205400,pedestrian/bicycle,1018.828,1000.501,0.045,-1.816
P6,2055,205500,pedestrian/bicycle,1018.834,1000.32,0.071,-1.798
P6,2056,205600,pedestrian/bicycle,1018.843,1000.141,0.105,-1.785
P6,2057,205700,pedestrian/bicycle,1018.855,999.963,0.14,-1.783
P6,2058,205800,pedestrian/bicycle,1018.87,999.784,0.169,-1.783
P6,2059,205900,pedestrian/bicycle,1018.888,999.606,0.187,-1.78
P6,2060,206000,pedestrian/bicycle,1018.907,999.428,0.198,-1.782
P6,2061,206100,pedestrian/bicycle,1018.928,999.25,0.204,-1.776
P6,2062,206200,pedestrian/bicycle,1018.948,999.073,0.205,-1.764
P6,2063,206300,pedestrian/bicycle,1018.968,998.897,0.203,-1.751
P6,2064,206400,pedestrian/bicycle,1018.988,998.723,0.196,-1.729
P6,2065,206500,pedestrian/bicycle,1019.007,998.552,0.185,-1.702
P6,2066,206600,pedestrian/bicycle,1019.025,998.383,0.173,-1.68
P6,2067,206700,pedestrian/bicycle,1019.042,998.216,0.161,-1.662
P6,2068,206800,pedestrian/bicycle,1019.058,998.05,0.151,-1.647
P6,2069,206900,pedestrian/bicycle,1019.072,997.886,0.142,-1.64
P6,2070,207000,pedestrian/bicycle,1019.086,997.722,0.132,-1.632
P6,2071,207100,pedestrian/bicycle,1019.099,997.559,0.119,-1.621
P6,2072,207200,pedestrian/bicycle,1019.11,997.398,0.104,-1.612
P6,2073,207300,pedestrian/bicycle,1019.119,997.237,0.085,-1.595
P6,2074,207400,pedestrian/bicycle,1019.127,997.079,0.065,-1.573
P6,2075,207500,pedestrian/bicycle,1019.132,996.923,0.048,-1.558
P6,2076,207600,pedestrian/bicycle,1019.137,996.767,0.039,-1.55
P6,2077,207700,pedestrian/bicycle,1019.141,996.612,0.038,-1.552
P6,2078,207800,pedestrian/bicycle,1019.145,996.456,0.045,-1.57
P6,2079,207900,pedestrian/bicycle,1019.15,996.298,0.058,-1.599
P6,2080,208000,pedestrian/bicycle,1019.157,996.136,0.076,-1.638
P6,2081,208100,pedestrian/bicycle,1019.165,995.969,0.094,-1.695
P6,2082,208200,pedestrian/bicycle,1019.175,995.796,0.109,-1.764
P6,2083,208300,pedestrian/bicycle,1019.187,995.616,0.121,-1.842
P6,2084,208400,pedestrian/bicycle,1019.199,995.427,0.135,-1.933
P6,2085,208500,pedestrian/bicycle,1019.214,995.229,0.156,-2.022
P6,2086,208600,pedestrian/bicycle,1019.231,995.023,0.186,-2.109
P6,2087,208700,pedestrian/bicycle,1019.252,994.807,0.228,-2.197
P6,2088,208800,pedestrian/bicycle,1019.277,994.584,0.282,-2.277
P6,2089,208900,pedestrian/bicycle,1019.309,994.353,0.344,-2.34
P6,2090,209000,pedestrian/bicycle,1019.346,994.117,0.402,-2.381
P6,2091,209100,pedestrian/bicycle,1019.388,993.879,0.443,-2.376
P6,2092,209200,pedestrian/bicycle,1019.433,993.645,0.452,-2.294
P6,2093,209300,pedestrian/bicycle,1019.477,993.424,0.428,-2.137
P6,2094,209400,pedestrian/bicycle,1019.518,993.22,0.389,-1.94
P6,2095,209500,pedestrian/bicycle,1019.555,993.036,0.349,-1.732
P6,2096,209600,pedestrian/bicycle,1019.588,992.873,0.321,-1.537
P6,2097,209700,pedestrian/bicycle,1019.62,992.728,0.31,-1.366
P6,2098,209800,pedestrian/bicycle,1019.651,992.599,0.313,-1.215
P6,2099,209900,pedestrian/bicycle,1019.683,992.484,0.33,-1.082
P6,2100,210000,pedestrian/bicycle,1019.718,992.381,0.357,-0.97
P6,2101,210100,pedestrian/bicycle,1019.755,992.289,0.391,-0.881
P6,2102,210200,pedestrian/bicycle,1019.796,992.204,0.426,-0.812
P6,2103,210300,pedestrian/bicycle,1019.84,992.126,0.456,-0.758
P6,2104,210400,pedestrian/bicycle,1019.886,992.052,0.475,-0.717
P6,2105,210500,pedestrian/bicycle,1019.935,991.982,0.487,-0.688
P6,2106,210600,pedestrian/bicycle,1019.984,991.914,0.492,-0.667
P6,2107,210700,pedestrian/bicycle,1020.033,991.848,0.488,-0.646
P6,2108,210800,pedestrian/bicycle,1020.081,991.785,0.48,-0.628
P6,2109,210900,pedestrian/bicycle,1020.129,991.722,0.474,-0.617
P6,2110,211000,pedestrian/bicycle,1020.176,991.661,0.472,-0.613
P8,3211,321100,pedestrian/bicycle,991.759,982.38,0.713,0.354
P8,3212,321200,pedestrian/bicycle,991.84,982.408,0.906,0.223
P8,3213,321300,pedestrian/bicycle,991.939,982.424,1.089,0.093
P8,3214,321400,pedestrian/bicycle,992.056,982.427,1.249,-0.031
P8,3215,321500,pedestrian/bicycle,992.187,982.419,1.372,-0.137
P8,3216,321600,pedestrian/bicycle,992.329,982.401,1.455,-0.222
P8,3217,321700,pedestrian/bicycle,992.477,982.375,1.508,-0.286
P8,3218,321800,pedestrian/bicycle,992.629,982.345,1.532,-0.329
P8,3219,321900,pedestrian/bicycle,992.783,982.311,1.538,-0.353
P8,3220,322000,pedestrian/bicycle,992.936,982.275,1.539,-0.366
P8,3221,322100,pedestrian/bicycle,993.09,982.238,1.542,-0.376
P8,3222,322200,pedestrian/bicycle,993.245,982.2,1.551,-0.386
P8,3223,322300,pedestrian/bicycle,993.401,982.16,1.563,-0.394
P8,3224,322400,pedestrian/bicycle,993.558,982.121,1.577,-0.4
P8,3225,322500,pedestrian/bicycle,993.716,982.08,1.597,-0.406
P8,3226,322600,pedestrian/bicycle,993.877,982.039,1.623,-0.414
P8,3227,322700,pedestrian/bicycle,994.041,981.998,1.652,-0.423
P8,3228,322800,pedestrian/bicycle,994.208,981.955,1.683,-0.433
P8,3229,322900,pedestrian/bicycle,994.378,981.911,1.715,-0.446
P8,3230,323000,pedestrian/bicycle,994.551,981.866,1.749,-0.455
P8,3231,323100,pedestrian/bicycle,994.727,981.821,1.774,-0.447
P8,3232,323200,pedestrian/bicycle,994.905,981.778,1.781,-0.409
P8,3233,323300,pedestrian/bicycle,995.082,981.741,1.755,-0.319
P8,3234,323400,pedestrian/bicycle,995.253,981.718,1.679,-0.147
P8,3235,323500,pedestrian/bicycle,995.416,981.714,1.567,0.073
P8,3236,323600,pedestrian/bicycle,995.568,981.731,1.468,0.251
P8,3237,323700,pedestrian/bicycle,995.711,981.761,1.397,0.353
P8,3238,323800,pedestrian/bicycle,995.848,981.798,1.345,0.396
P8,3239,323900,pedestrian/bicycle,995.981,981.838,1.31,0.394
P8,3240,324000,pedestrian/bicycle,996.111,981.875,1.289,0.359
P8,3241,324100,pedestrian/bicycle,996.239,981.909,1.28,0.304
P8,3242,324200,pedestrian/bicycle,996.367,981.936,1.278,0.236
P8,3243,324300,pedestrian/bicycle,996.495,981.956,1.282,0.163
P8,3244,324400,pedestrian/bicycle,996.624,981.968,1.293,0.095
P8,3245,324500,pedestrian/bicycle,996.754,981.975,1.313,0.037
P8,3246,324600,pedestrian/bicycle,996.887,981.976,1.339,-0.01
P8,3247,324700,pedestrian/bicycle,997.022,981.974,1.366,-0.045
P8,3248,324800,pedestrian/bicycle,997.159,981.968,1.386,-0.066
P8,3249,324900,pedestrian/bicycle,997.298,981.961,1.396,-0.073
P8,3250,325000,pedestrian/bicycle,997.438,981.954,1.403,-0.073
P8,3251,325100,pedestrian/bicycle,997.579,981.947,1.41,-0.071
P8,3252,325200,pedestrian/bicycle,997.72,981.94,1.415,-0.062
P8,3253,325300,pedestrian/bicycle,997.862,981.935,1.414,-0.045
P8,3254,325400,pedestrian/bicycle,998.003,981.931,1.413,-0.027
P8,3255,325500,pedestrian/bicycle,998.145,981.929,1.417,-0.013
P8,3256,325600,pedestrian/bicycle,998.287,981.928,1.43,-0.005
P8,3257,325700,pedestrian/bicycle,998.431,981.928,1.447,-0.002
P8,3258,325800,pedestrian/bicycle,998.576,981.928,1.462,-0.005
P8,3259,325900,pedestrian/bicycle,998.723,981.926,1.482,-0.017
P8,3260,326000,pedestrian/bicycle,998.873,981.924,1.503,-0.036
P8,3261,326100,pedestrian/bicycle,999.024,981.919,1.522,-0.058
P8,3262,326200,pedestrian/bicycle,999.177,981.912,1.537,-0.076
P8,3263,326300,pedestrian/bicycle,999.331,981.904,1.55,-0.086
P8,3264,326400,pedestrian/bicycle,999.487,981.896,1.56,-0.088
P8,3265,326500,pedestrian/bicycle,999.643,981.887,1.564,-0.082
P8,3266,326600,pedestrian/bicycle,999.799,981.88,1.561,-0.068
P8,3267,326700,pedestrian/bicycle,999.955,981.874,1.55,-0.046
P8,3268,326800,pedestrian/bicycle,1000.109,981.87,1.536,-0.021
P8,3269,326900,pedestrian/bicycle,1000.262,981.869,1.524,0.002
P8,3270,327000,pedestrian/bicycle,1000.414,981.871,1.518,0.021
P8,3271,327100,pedestrian/bicycle,1000.566,981.873,1.516,0.031
P8,3272,327200,pedestrian/bicycle,1000.717,981.876,1.515,0.034
